sample_ID,barcode_N,barcode,Age,READS_INITIAL,AGE_weeks
pool1_3,1,AAAGA,28.6,2614354,124.273864
pool1_8,2,AAGTA,7.04,2004819,30.5904896
pool1_9,3,AATTG,16.37,129523,71.1315788
pool1_11,4,AGATG,16.37,1501126,71.1315788
pool1_20,6,AGTAA,28.34,1069273,123.1441016
pool1_22,7,ATTAG,28.34,1114503,123.1441016
pool1_25,8,GTTGT,16.34,113140,71.0012216
pool1_30,10,ATGTG,7,449029,30.41668
pool1_31,11,GTAGA,16.34,1263768,71.0012216
pool1_33,12,GTGGG,16.34,1154908,71.0012216
pool1_35,13,GTGAA,16.34,960975,71.0012216
pool1_37,14,GTTTG,16.34,2015820,71.0012216
pool1_39,15,GAGTG,16.34,1335334,71.0012216
pool1_41,16,ATTGG,16.34,642996,71.0012216
pool1_42,17,GAAGT,12.99,2805505,56.4446676
pool1_45,18,GAGGG,22.32,871289,96.9857568
pool1_48,19,GAGGA,22.32,399377,96.9857568
pool1_49,20,GATGG,12.99,2663668,56.4446676
pool1_51,21,GATTT,12.99,2385489,56.4446676
pool1_52,22,GTAGG,22.32,1033008,96.9857568
pool1_53,23,GTATA,7.04,2702582,30.5904896
pool1_55,24,GTGAG,7.04,1189590,30.5904896
pool1_57,25,TAATG,22.32,907248,96.9857568
pool1_58,26,TAGAG,12.99,2154415,56.4446676
pool1_59,27,TATAA,19.43,2826836,84.4280132
pool1_60,28,TGATT,28.34,646927,123.1441016
pool1_61,29,TGGAA,19.43,2541291,84.4280132
pool1_66,30,ATGAG,18.77,2015004,81.5601548
pool1_69,31,TTAGG,18.77,1863922,81.5601548
pool1_70,32,TGAGG,18.77,1824828,81.5601548
pool1_73,33,AGAGT,25.94,2265508,112.7155256
pool1_82,34,GAGAT,16.37,1192028,71.1315788
pool1_96,35,AGTTG,22.36,1043089,97.1595664
pool1_97,36,GATGA,13.02,2198052,56.5750248
pool1_99,37,ATGTA,13.02,407922,56.5750248
pool1_101,38,AGATA,13.02,1505682,56.5750248
pool1_102,39,TGAGT,22.36,1453897,97.1595664
pool1_107,41,AATAT,13.02,2597768,56.5750248
pool1_109,42,ATAAG,13.02,2531442,56.5750248
pool1_117,43,AGTAT,28.34,638109,123.1441016
pool1_128,44,TGTTG,5,737447,21.7262
pool1_131,45,GATAG,5,1130421,21.7262
pool1_132,46,TAGTG,5,2642584,21.7262
pool1_133,47,GGTAT,5,301276,21.7262
pool1_135,48,GTATG,5,804340,21.7262
pool1_136,49,AGGAG,5,559858,21.7262
pool1_137,50,TTAAG,5,93266,21.7262
pool1_1,51,AGGTG,28.6,2217717,124.273864
pool1_36,53,GTGTA,7,2781754,30.41668
pool1_67,56,AGAGG,18.77,2742562,81.5601548
pool2_1,1,AAAGA,22.32,473176,96.9857568
pool2_2,2,AAGTA,26.04,601307,113.1500496
pool2_3,3,AATTG,16.37,1478990,71.1315788
pool2_4,4,AGATG,22.32,370214,96.9857568
pool2_5,5,AGGTT,12.99,2035310,56.4446676
pool2_6,6,AGTAA,26.04,2758232,113.1500496
pool2_7,7,ATTAG,7,3463654,30.41668
pool2_8,8,GTTGT,18.77,3335970,81.5601548
pool2_9,9,AGTGA,26.04,1888335,113.1500496
pool2_10,10,ATGTG,18.77,2339035,81.5601548
pool2_11,11,GTAGA,22.36,426142,97.1595664
pool2_12,12,GTGGG,18.77,1803327,81.5601548
pool2_13,13,GTGAA,18.77,2709996,81.5601548
pool2_14,14,GTTTG,26.04,1736312,113.1500496
pool2_15,15,GAGTG,18.77,3434827,81.5601548
pool2_16,16,ATTGG,7.04,1959652,30.5904896
pool2_17,17,GAAGT,12.99,2467801,56.4446676
pool2_18,18,GAGGG,7.04,1390078,30.5904896
pool2_19,19,GAGGA,12.99,1744726,56.4446676
pool2_20,20,GATGG,13.02,2225821,56.5750248
pool2_21,21,GATTT,22.32,24641,96.9857568
pool2_22,22,GTAGG,18.77,2350160,81.5601548
pool2_23,23,GTATA,16.34,1143750,71.0012216
pool2_24,24,GTGAG,7.04,2655769,30.5904896
pool2_25,25,TAATG,16.37,1490356,71.1315788
pool2_26,26,TAGAG,26.04,1731186,113.1500496
pool2_27,27,TATAA,22.36,1777270,97.1595664
pool2_28,28,TGATT,26.04,1296065,113.1500496
pool2_29,29,TGGAA,12.99,2932817,56.4446676
pool2_30,30,ATGAG,16.34,54861,71.0012216
pool2_31,32,TGAGG,7,8637,30.41668